Feature,Importance
Contract,0.36997806344058537
Dependents,0.07243143858400757
Number of Referrals,0.04819130371138443
Internet Service,0.04170235136091484
Online Security,0.030717694909015783
