Feature,SHAP Importance
Contract,0.8299837237375243
Number of Referrals,0.31057863602082025
Senior Citizen,0.2934839590940178
Dependents,0.28323279916469474
Tenure in Months,0.27638862564701067
