Feature,Importance
Contract,0.12030360096266525
Number of Referrals,0.06014170687205566
Tenure in Months,0.04780973082717562
Internet Type,0.04211324444824785
Paperless Billing,0.038630106604942475
